{"accuracy": 0.9666666666666667, "f1_micro": 0.9666666666666667}